{"model":{"version":2,"nodes":[{"name":"RootNode","position":[0,0,0],"rotation":[0,0,0],"scale":[1,1,1]},{"name":"Object011","position":[0,0,0],"rotation":[-90,-0,0],"scale":[0.0254,0.0254,0.0254]}],"parents":[-1,0],"skins":[],"vertices":[{"position":{"type":"float32","components":3,"data":[0.379831,-0.601868,1.74151,-0.00999451,-0.715988,1.74151,-0.00999451,-0.715988,-0.0433899,0.379831,-0.601868,-0.0433899,0.646074,-0.29512,1.74151,0.646074,-0.295105,-0.0433899,0.70421,0.106903,1.74151,0.70421,0.106903,-0.0433899,0.535781,0.476517,1.74151,0.535781,0.476517,-0.0433899,0.194258,0.696381,1.74151,0.194258,0.696381,-0.0433899,-0.211925,0.696701,1.74151,0.194258,0.696381,1.74151,0.194258,0.696381,-0.0433899,-0.211925,0.696701,-0.0433899,-0.553806,0.477386,1.74151,-0.553806,0.477386,-0.0433899,-0.722844,0.108063,1.74151,-0.722844,0.108063,-0.0433899,-0.66537,-0.294052,1.74151,-0.66537,-0.294052,-0.0433899,-0.399634,-0.601227,1.74151,-0.399634,-0.601227,-0.0433899,-0.722844,0.108063,1.74151,-0.66537,-0.294052,1.74151,-0.399634,-0.601227,1.74151,-0.00999451,-0.715988,1.74151,0.379831,-0.601868,1.74151,0.646074,-0.29512,1.74151,0.70421,0.106903,1.74151,0.535781,0.476517,1.74151,0.194258,0.696381,1.74151,-0.211925,0.696701,1.74151,-0.553806,0.477386,1.74151,-0.143561,9.17213,1.47058,-0.202248,9.17218,1.32889,-0.209386,0.492401,1.32889,-0.150696,0.492355,1.47059,-0.00186777,9.17201,1.52928,-0.143561,9.17213,1.47058,-0.150696,0.492355,1.47059,-0.00899982,0.492218,1.52928,0.139824,9.17191,1.47058,0.13269,0.492111,1.47059,0.198515,9.17184,1.32889,0.191381,0.492065,1.32889,0.139824,9.17191,1.1872,0.13269,0.492111,1.1872,-0.00186777,9.17201,1.12851,-0.00899982,0.492218,1.12851,-0.143561,9.17213,1.1872,-0.150696,0.492355,1.1872,-0.35828,11.0145,0.705366,-0.357727,11.6921,0.705366,0.358131,11.6915,0.705366,0.357578,11.0139,0.705366,0.358139,11.6947,1.3322,-0.357721,11.6953,1.33219,-0.358284,11.0113,1.62658,0.357574,11.0107,1.62658,-0.397095,11.6922,1.29071,-0.397095,11.6922,0.744736,-0.397652,11.0145,0.744736,-0.397652,11.0145,1.58233,0.355928,9.00572,1.60277,-0.359932,9.00632,1.60277,-0.359932,9.00632,1.08333,0.355927,9.00574,1.08333,0.395327,9.04509,1.60277,0.395327,9.04509,1.07713,0.396885,10.9352,0.752085,0.396885,10.9352,1.60277,-0.357693,11.7315,1.27726,0.35817,11.7309,1.27726,0.35817,11.7309,0.744736,-0.357693,11.7315,0.744736,-0.358345,10.9363,0.712039,0.357515,10.9357,0.712039,0.355957,9.04454,1.03728,-0.359903,9.04514,1.03728,0.357515,10.9352,1.64214,-0.35835,10.9358,1.64214,-0.3599,9.04568,1.64214,0.355961,9.0451,1.64214,-0.397715,10.9358,1.60277,-0.397715,10.9358,0.752084,-0.39927,9.04573,1.07713,-0.399272,9.04573,1.60277,0.396948,11.0139,1.58234,0.396948,11.0139,0.744736,0.397505,11.6915,0.744736,0.397505,11.6915,1.29071,-0.397095,11.6922,0.744736,-0.357693,11.7315,0.744736,-0.359932,9.00632,1.08333,-0.39927,9.04573,1.07713,0.35817,11.7309,0.744736,0.397505,11.6915,0.744736,0.395327,9.04509,1.07713,0.355927,9.00574,1.08333,-0.397095,11.6922,1.29071,-0.357693,11.7315,1.27726,-0.359932,9.00632,1.60277,-0.399272,9.04573,1.60277,0.35817,11.7309,1.27726,0.397505,11.6915,1.29071,0.395327,9.04509,1.60277,0.355928,9.00572,1.60277,0.396948,11.0139,0.744736,0.396885,10.9352,0.752085,-0.397715,10.9358,0.752084,-0.397652,11.0145,0.744736,-0.397652,11.0145,1.58233,-0.397715,10.9358,1.60277,0.396885,10.9352,1.60277,0.396948,11.0139,1.58234,0.395327,9.04509,1.60277,0.395327,9.04509,1.07713]},"normal":{"type":"float32","components":3,"data":[0.539949,-0.841698,0,-0.00082218,-1,0,-0.000822169,-1,0,0.539961,-0.84169,-2.50408e-06,0.909295,-0.416152,-1.05355e-06,0.909296,-0.416149,-3.01081e-06,0.989939,0.141497,-5.46773e-07,0.989938,0.141499,0,0.756278,0.65425,0,0.756278,0.65425,0,0.282486,0.959271,0,0.282486,0.959271,0,-0.280956,0.959721,0,0.282486,0.959271,0,0.282486,0.959271,0,-0.280956,0.959721,0,-0.755202,0.655492,0,-0.755202,0.655492,0,-0.989704,0.143129,0,-0.989704,0.143129,0,-0.909977,-0.414659,0,-0.909977,-0.414659,0,-0.541323,-0.840815,0,-0.541323,-0.840815,0,-2.24656e-07,2.26357e-07,1,8.21018e-07,7.10259e-07,1,-7.26643e-08,1.89786e-07,1,0,0,1,0,0,1,-1.25531e-07,1.36618e-07,1,-2.06246e-06,-2.94797e-07,1,-3.63645e-07,-2.80509e-08,1,8.56519e-10,1.08572e-06,1,-1.37954e-07,1.64718e-07,1,0,0,1,-0.707113,0.000581557,0.7071,-1,0.000822176,-4.52062e-07,-1,0.000822182,-2.06785e-07,-0.70709,0.000581321,0.707123,3.54964e-06,2.71039e-07,1,-0.707113,0.000581557,0.7071,-0.70709,0.000581321,0.707123,9.99503e-06,1.642e-07,1,0.707104,-0.00058095,0.707109,0.707102,-0.000581024,0.707111,1,-0.000821878,1.03386e-07,1,-0.000821883,-6.2034e-07,0.707105,-0.000581311,-0.707108,0.707102,-0.000581253,-0.707111,3.72195e-06,-2.56534e-07,-1,9.78825e-06,-1.59993e-07,-1,-0.707113,0.000581035,-0.7071,-0.70709,0.000581253,-0.707123,-0.051917,-0.00878554,-0.998613,-0.0510379,0.0538991,-0.997241,0.0511199,0.0538213,-0.997241,0.0518545,-0.00884319,-0.998616,0.0574387,0.43459,0.898795,-0.056253,0.434712,0.898811,-0.0428033,0.3772,0.925142,0.0430299,0.377271,0.925103,-0.998264,0.0460556,0.0367231,-0.996346,0.0543704,-0.0658712,-0.99865,0.000294851,-0.0519418,-0.997412,0.0282982,0.0660937,0.0500028,-0.996358,0.069062,-0.0521309,-0.996253,0.0690155,-0.054153,-0.996283,-0.0669927,0.0530701,-0.996345,-0.0669406,0.998037,-0.0179217,0.0600111,0.997873,-0.0279895,-0.0588761,0.998377,-0.0103005,-0.0560189,0.999005,-0.000381482,0.0446074,-0.0553803,0.996673,0.0597923,0.0582372,0.996515,0.0597124,0.0516343,0.996386,-0.067452,-0.0510656,0.996418,-0.0674,-0.048349,-0.165942,-0.98495,0.0480529,-0.16603,-0.984949,0.054751,-0.18825,-0.980594,-0.0550369,-0.188158,-0.980595,0.0518921,0.00782787,0.998622,-0.0520006,0.00798306,0.998615,-0.0517239,-0.0199844,0.998461,0.0516875,-0.0200692,0.998462,-0.998867,0.00136823,0.0475649,-0.998587,-0.00806027,-0.0525331,-0.998418,-0.0227631,-0.0514194,-0.99743,-0.0190683,0.0690691,0.996816,0.0300369,0.0738685,0.998974,-0.00124973,-0.0452803,0.997816,0.0406027,-0.0521098,0.997253,0.0573734,0.0468392,-0.996346,0.0543704,-0.0658712,-0.0510656,0.996418,-0.0674,-0.054153,-0.996283,-0.0669927,-0.998418,-0.0227631,-0.0514194,0.0516343,0.996386,-0.067452,0.997816,0.0406027,-0.0521098,0.997873,-0.0279895,-0.0588761,0.0530701,-0.996345,-0.0669406,-0.998264,0.0460556,0.0367231,-0.0553803,0.996673,0.0597923,-0.0521309,-0.996253,0.0690155,-0.99743,-0.0190683,0.0690691,0.0582372,0.996515,0.0597124,0.997253,0.0573734,0.0468392,0.998037,-0.0179217,0.0600111,0.0500028,-0.996358,0.069062,0.998974,-0.00124973,-0.0452803,0.998377,-0.0103005,-0.0560189,-0.998587,-0.00806027,-0.0525331,-0.99865,0.000294851,-0.0519418,-0.997412,0.0282982,0.0660937,-0.998867,0.00136823,0.0475649,0.999005,-0.000381482,0.0446074,0.996816,0.0300369,0.0738685,0.998037,-0.0179217,0.0600111,0.997873,-0.0279895,-0.0588761]},"texCoord0":{"type":"float32","components":2,