{"model":{"version":2,"nodes":[{"name":"RootNode","position":[0,0,0],"rotation":[0,0,0],"scale":[1,1,1]},{"name":"SoundRoom","position":[-0.0781274,2.5697,-0.108714],"rotation":[-90,-0,0],"scale":[0.01,0.01,0.01]}],"parents":[-1,0],"skins":[],"vertices":[{"position":{"type":"float32","components":3,"data":[-669.81,-96.2788,5.98544,-669.81,-96.2788,-256.97,-525.845,-96.2788,-45.0635,-525.845,-96.2788,-45.0635,-669.81,-96.2788,-256.97,-525.845,-96.1786,-256.97,-215.643,-96.2788,5.98544,-361.57,-96.2788,-45.0635,-525.845,-96.1786,-256.97,-361.57,-77.1742,-256.97,-525.845,-77.1742,-256.97,-361.57,-77.1742,-256.97,-361.57,-96.1786,-256.97,-215.643,-96.2788,-256.97,-361.57,-96.2788,-45.0635,-361.57,-96.1786,-256.97,-215.643,-96.2788,-256.97,-669.81,-497.139,5.98544,-669.81,-96.2788,-256.97,-669.81,-96.2788,5.98544,-669.81,-96.2788,-256.97,-669.81,-497.139,5.98544,-669.81,-497.517,-256.97,-215.643,-497.139,5.98544,-215.643,-96.2788,5.98544,-215.643,-96.2788,-256.97,-215.643,-497.139,5.98544,-215.643,-96.2788,-256.97,-215.643,-497.517,-256.97,-215.643,-497.139,5.98544,-669.81,-497.517,-256.97,-669.81,-497.139,5.98544,-669.81,-497.517,-256.97,-215.643,-497.139,5.98544,-215.643,-497.517,-256.97,-215.643,-96.2788,5.98544,-622.525,-180.736,5.98544,-669.81,-96.2788,5.98544,-215.643,-96.2788,5.98544,-262.927,-180.736,5.98544,-215.643,-497.139,5.98544,-262.927,-375.508,5.98544,-622.525,-375.508,5.98544,-669.81,-497.139,5.98544,-262.927,-375.508,5.98544,-669.81,-96.2788,-256.97,-669.81,-497.517,-256.97,-215.643,-96.2788,-256.97,-215.643,-497.517,-256.97,-622.525,-180.736,15.5503,-262.927,-180.736,5.98544,-262.927,-180.736,15.5503,-622.525,-180.736,5.98544,-262.927,-180.736,15.5503,-262.927,-375.508,5.98544,-262.927,-375.508,15.5503,-262.927,-180.736,5.98544,-262.927,-375.508,15.5503,-622.525,-375.508,5.98544,-622.525,-375.508,15.5503,-262.927,-375.508,5.98544]},"normal":{"type":"float32","components":3,"data":[0,-1,0,0,-1,0,0,-1,0,0.000695556,-1,-0.000472547,0.000695556,-1,-0.000472547,0.000695556,-1,-0.000472547,0,-1,0,0,-1,0,0,0,1,0,0,1,0,0,1,0,0,1,0,0,1,0,-1,0,-0.000686201,-1,-0.000472547,-0.000686201,-1,-0.000472547,-0.000686201,-1,-0.000472547,1,0,0,1,0,0,1,0,0,1,0,0,1,0,0,1,0,0,-1,0,-6.96336e-07,-1,0,-6.96336e-07,-1,0,-6.96336e-07,-1,0,-6.96336e-07,-1,0,-6.96336e-07,-1,0,-6.96336e-07,0,0.999999,-0.00144002,0,0.999999,-0.00144002,0,0.999999,-0.00144002,0,0.999999,-0.00144002,0,0.999999,-0.00144002,0,0.999999,-0.00144002,0,0,-1,0,0,-1,0,0,-1,0,0,-1,0,0,-1,0,0,-1,0,0,-1,0,0,-1,0,0,-1,0,0,-1,0,0,1,0,0,1,0,0,1,0,0,1,0,-1,0,0,-1,0,0,-1,0,0,-1,0,-1,0,0,-1,0,0,-1,0,0,-1,0,0,0,1,0,0,1,0,0,1,0,0,1,0]},"texCoord0":{"type":"float32","components":2,"data":[0.16301,0.890562,0.162871,0.983343,0.112409,0.908498,0.112409,0.908498,0.162871,0.983343,0.112297,0.983267,0.00346436,0.890322,0.0547007,0.908411,0.63989,0.723166,0.58605,0.716828,0.6399,0.716909,0.58605,0.716828,0.586041,0.723085,0.00332473,0.983103,0.0547007,0.908411,0.0545882,0.98318,0.00332473,0.983103,0.401083,0.892385,0.26955,0.978764,0.26968,0.892187,0.26955,0.978764,0.401083,0.892385,0.401077,0.978962,0.649523,0.407862,0.780926,0.40806,0.780796,0.494636,0.649523,0.407862,0.780796,0.494636,0.649269,0.494438,0.647673,0.178142,0.498666,0.264495,0.498796,0.177918,0.498666,0.264495,0.647673,0.178142,0.647543,0.264719,0.768012,0.673248,0.901432,0.645641,0.916889,0.673472,0.768012,0.673248,0.783554,0.645464,0.768211,0.541266,0.783651,0.581336,0.901528,0.581514,0.917088,0.54149,0.783651,0.581336,0.687082,0.72327,0.686884,0.855376,0.538205,0.723046,0.538007,0.855152,0.998571,0.121144,0.995613,0.00274534,0.998749,0.00275006,0.995435,0.121139,0.980686,0.87332,0.916835,0.876373,0.916839,0.873224,0.980681,0.876469,0.494405,0.986522,0.303768,0.991328,0.303776,0.986235,0.494397,0.991615]}}],"meshes":[{"aabb":{"min":[-669.81,-497.517,-256.97],"max":[-215.643,-77.1742,15.5503]},"vertices":0,"indices":[0,1,2,3,4,5,6,0,7,7,0,2,6,7,13,14,15,16,17,18,19,20,21,22,23,24,25,26,27,28,29,30,31,32,33,34,35,36,37,36,38,39,35,40,41,35,41,39,42,41,43,40,43,44,43,37,42,42,37,36,49,50,51,50,49,52,53,54,55,54,53,56,57,58,59,58,57,60],"type":"triangles","base":0,"count":78},{"aabb":{"min":[-669.81,-497.517,-256.97],"max":[-215.643,-77.1742,15.5503]},"vertices":0,"indices":[8,9,10,11,8,12,8,45,46,47,12,48,46,12,8,12,46,48],"type":"triangles","base":0,"count":18}],"meshInstances":[{"node":1,"mesh":0},{"node":1,"mesh":1}]}}