{"model":{"version":2,"nodes":[{"name":"RootNode","position":[0,0,0],"rotation":[0,0,0],"scale":[1,1,1]},{"name":"GreenRoom","position":[-0.0781274,2.5697,-0.108714],"rotation":[-90,-0,0],"scale":[0.01,0.01,0.01]}],"parents":[-1,0],"skins":[],"vertices":[{"position":{"type":"float32","components":3,"data":[861.98,-484.173,263.088,461.98,-484.173,263.088,461.98,-84.173,263.088,861.98,-84.173,263.088,461.98,-484.173,263.088,461.98,-484.173,2.81097,461.98,-84.173,263.088,461.98,-84.173,263.088,461.98,-484.173,2.81097,461.98,-84.173,2.81097,586.171,-484.173,79.115,461.98,-484.173,263.088,586.171,-484.173,225.999,461.98,-484.173,2.81097,461.98,-484.173,263.088,586.171,-484.173,79.115,861.98,-484.173,263.088,586.171,-484.173,225.999,736.081,-484.173,225.999,861.98,-484.173,263.088,736.081,-484.173,79.115,861.98,-484.173,263.088,861.98,-484.173,2.81097,736.081,-484.173,79.115,736.081,-484.173,79.115,461.98,-484.173,2.81097,586.171,-484.173,79.115,861.98,-484.173,2.81097,461.98,-484.173,2.81097,736.081,-484.173,79.115,861.98,-359.908,79.115,861.98,-484.173,263.088,861.98,-359.908,225.999,861.98,-484.173,2.81097,861.98,-84.173,263.088,861.98,-484.173,263.088,861.98,-209.939,225.999,861.98,-209.939,225.999,861.98,-84.173,263.088,861.98,-209.939,79.115,861.98,-84.173,2.81097,585.991,-506.926,225.999,585.991,-506.926,79.115,586.171,-484.173,225.999,586.171,-484.173,225.999,585.991,-506.926,79.115,586.171,-484.173,79.115,585.991,-506.926,225.999,736.081,-484.173,225.999,736.081,-506.926,225.999,586.171,-484.173,225.999,736.081,-484.173,225.999,736.081,-484.173,79.115,736.081,-506.926,225.999,736.081,-506.926,79.115,585.991,-506.926,79.115,736.081,-506.926,79.115,586.171,-484.173,79.115,736.081,-484.173,79.115,586.171,-484.173,79.115,881.591,-359.97,79.115,861.98,-359.908,225.999,881.591,-359.97,225.999,861.98,-359.908,225.999,881.591,-359.97,79.115,861.98,-359.908,79.115,861.98,-359.908,225.999,861.98,-209.939,225.999,881.591,-359.97,225.999,881.591,-209.939,225.999,861.98,-209.939,225.999,861.98,-209.939,79.115,881.591,-209.939,225.999,881.591,-209.939,79.115,861.98,-209.939,79.115,861.98,-359.908,79.115,881.591,-209.939,79.115,881.591,-209.939,79.115,861.98,-359.908,79.115,881.591,-359.97,79.115,694.706,-84.173,213.75,461.98,-84.173,263.088,530.639,-84.173,213.75,861.98,-84.173,263.088,461.98,-84.173,263.088,461.98,-84.173,2.81097,530.639,-84.173,213.75,530.639,-84.173,213.75,461.98,-84.173,2.81097,529.947,-84.173,2.81097,694.706,-84.173,213.75,861.98,-84.173,2.81097,861.98,-84.173,263.088,861.98,-84.173,2.81097,694.706,-84.173,213.75,694.726,-84.173,2.81097,529.947,-84.173,2.81097,461.98,-84.173,2.81097,461.98,-484.173,2.81097,861.98,-484.173,2.81097,861.98,-84.173,2.81097,694.726,-84.173,2.81097,529.947,-84.173,2.81097,461.98,-484.173,2.81097,863.336,-180.68,246.959,460.866,-180.68,246.959,460.866,-171.177,246.959,863.336,-180.68,246.959,460.866,-171.177,246.959,863.336,-171.177,246.959,863.336,-171.177,264.305,460.866,-171.177,246.959,460.866,-171.177,264.305,863.336,-171.177,246.959,460.866,-180.68,264.305,863.336,-180.68,246.959,863.336,-180.68,264.305,460.866,-180.68,246.959,863.336,-280.675,246.959,460.866,-280.675,246.959,460.866,-271.172,246.959,863.336,-280.675,246.959,460.866,-271.172,246.959,863.336,-271.172,246.959,863.336,-271.172,264.305,460.866,-271.172,246.959,460.866,-271.172,264.305,863.336,-271.172,246.959,460.866,-280.675,264.305,863.336,-280.675,246.959,863.336,-280.675,264.305,460.866,-280.675,246.959,863.336,-397.963,246.959,460.866,-397.963,246.959,460.866,-388.461,246.959,863.336,-397.963,246.959,460.866,-388.461,246.959,863.336,-388.461,246.959,863.336,-388.461,264.305,460.866,-388.461,246.959,460.866,-388.461,264.305,863.336,-388.461,246.959,460.866,-397.963,264.305,863.336,-397.963,246.959,863.336,-397.963,264.305,460.866,-397.963,246.959,529.947,-84.173,2.81097,694.726,-84.173,2.81097,529.965,-77.4725,2.81109,694.751,-77.4725,2.81109,529.965,-77.4725,2.81109]},"normal":{"type":"float32","components":3,"data":[0,0,-1,0,0,-1,0,0,-1,0,0,-1,1,0,1.1725e-07,1,0,1.1725e-07,1,0,1.1725e-07,1,0,1.1725e-07,1,0,1.1725e-07,1,0,1.1725e-07,0,1,0,0,1,0,0,1,0,1.73692e-07,1,1.1725e-07,1.73692e-07,1,1.1725e-07,1.73692e-07,1,1.1725e-07,0,1,0,0,1,0,0,1,0,0,1,0,0,1,0,-1.71335e-07,1,1.1725e-07,-1.71335e-07,1,1.1725e-07,-1.71335e-07,1,1.1725e-07,0,1,3.99947e-07,0,1,3.99947e-07,0,1,3.99947e-07,0,1,3.99947e-07,0,1,3.99947e-07,0,1,3.99947e-07,-1,0,0,-1,0,0,-1,0,0,-1,0,0,-1,0,0,-1,0,0,-1,0,0,-1,0,0,-1,0,0,-1,0,0,-1,0,0,0.999969,-0.00790243,0,0.999969,-0.00790243,0,0.999969,-0.00790243,0,0.999969,-0.00790243,0,0.999969,-0.00790243,0,0.999969,-0.00790243,0,0,0,-1,0,0,-1,0,0,-1,0,0,-1,-1,0,0,-1,0,0,-1,0,0,-1,0,0,0,0,1,0,0,1,0,0,1,0,0,1,0,0,1,0.00312481,0.999995,0,0.00312481,0.999995,0,0.00312481,0.999995,0,0.00312481,0.999995,0,0.00312481,0.999995,0,0.00312481,0.999995,0,0,0,-1,0,0,-1,0,0,-1,0,0,-1,0,-1,0,0,-1,0,0,-1,0,0,-1,0,0,5.0873e-08,1,0,5.0873e-08,1,0,5.0873e-08,1,1.58904e-10,5.08522e-08,1,1.58904e-10,5.08522e-08,1,1.58904e-10,5.08522e-08,1,0,-1,0,0,-1,0,0,-1,0,0,-1,0,-2.10639e-08,-1,-2.93126e-08,-2.10639e-08,-1,-2.93126e-08,-2.10639e-08,-1,-2.93126e-08,0,-1,-3.61687e-08,0,-1,-3.61687e-08,0,-1,-3.61687e-08,8.6458e-09,-1,-2.93126e-08,8.6458e-09,-1,-2.93126e-08,8.6458e-09,-1,-2.93126e-08,0,-1,-3.61687e-08,0,-1,-3.61687e-08,0,-1,-3.61687e-08,0,0,1,0,0,1,0,0,1,0,0,1,0,0,1,0,0,1,0,0,1,0,0,1,0,0,-1,0,0,-1,0,0,-1,0,0,-1,0,0,-1,0,0,-1,0,1,0,0,1,0,0,1,0,0,1,0,0,-1,0,0,-1,0,0,-1,0,0,-1,0,0,0,-1,0,0,-1,0,0,-1,0,0,-1,0,0,-1,0,0,-1,0,1,0,0,1,0,0,1,0,0,1,0,0,-1,0,0,-1,0,0,-1,0,0,-1,0,0,0,-1,0,0,-1,0,0,-1,0,0,-1,0,0,-1,0,0,-1,0,1,0,0,1,0,0,1,0,0,1,0,0,-1,0,0,-1,0,0,-1,0,0,-1,0,0,-1.70795e-05,1,0,-1.70795e-05,1,0,-1.70795e-05,1,0,-1.70795e-05,1,0,-1.70795e-05,1]},"texCoord0":{"type":"float32","components":2,