{"model":{"version":2,"nodes":[{"name":"RootNode","position":[0,0,0],"rotation":[0,0,0],"scale":[1,1,1]},{"name":"Screen","position":[-0.0781274,2.5697,-0.108714],"rotation":[-90,-0,0],"scale":[0.01,0.01,0.01]}],"parents":[-1,0],"skins":[],"vertices":[{"position":{"type":"float32","components":3,"data":[451.628,29.7114,136.873,524.787,29.6286,81.7442,525.382,29.7114,81.2957,452.223,29.6286,136.425,525.845,29.9598,80.9468,451.165,29.9598,137.222,450.834,30.3738,137.471,526.176,30.3738,80.6977,526.374,30.9535,80.5482,450.636,30.9535,137.621,450.57,31.6987,137.671,526.44,31.6987,80.4983,526.44,146.558,80.4983,450.57,146.558,137.671,526.374,147.304,80.5482,450.636,147.304,137.621,450.834,147.883,137.471,526.176,147.883,80.6977,525.845,148.297,80.9468,451.165,148.297,137.222,451.628,148.546,136.873,525.382,148.546,81.2957,524.787,148.629,81.7442,452.223,148.629,136.425]},"normal":{"type":"float32","components":3,"data":[0.601815,3.85484e-05,0.798636,0.601815,-0.000185067,0.798636,0.601815,3.85485e-05,0.798636,0.601815,-0.000185067,0.798636,0.601815,-6.41494e-06,0.798636,0.601815,-6.41507e-06,0.798636,0.601815,3.50123e-06,0.798636,0.601815,3.50136e-06,0.798636,0.601815,-2.57498e-06,0.798636,0.601815,-2.57508e-06,0.798636,0.601815,-5.81938e-06,0.798636,0.601815,-5.81932e-06,0.798636,0.601815,5.8193e-06,0.798636,0.601815,5.81937e-06,0.798636,0.601815,2.57495e-06,0.798636,0.601815,2.57504e-06,0.798636,0.601815,-3.50129e-06,0.798636,0.601815,-3.50142e-06,0.798636,0.601815,6.41488e-06,0.798636,0.601815,6.415e-06,0.798636,0.601815,-3.8549e-05,0.798636,0.601815,-3.85492e-05,0.798636,0.601815,0.000185058,0.798636,0.601815,0.000185058,0.798636]},"texCoord0":{"type":"float32","components":2,"data":[0.907419,0.927957,0.907406,0.988675,0.907351,0.989169,0.907474,0.928451,0.907186,0.989553,0.907255,0.927572,0.906982,0.927298,0.906913,0.989828,0.90653,0.989992,0.906599,0.927133,0.906107,0.927078,0.906037,0.990047,0.829906,0.989963,0.829976,0.926994,0.829413,0.989908,0.829483,0.927048,0.8291,0.927213,0.829031,0.989743,0.828757,0.989468,0.828826,0.927487,0.828662,0.927871,0.828594,0.989084,0.82854,0.98859,0.828607,0.928365]}}],"meshes":[{"aabb":{"min":[450.57,29.6286,80.4983],"max":[526.44,148.629,137.671]},"vertices":0,"indices":[0,1,2,1,0,3,4,5,0,4,0,2,6,4,7,4,6,5,8,9,6,8,6,7,10,8,11,8,10,9,12,13,10,12,10,11,14,15,13,14,13,12,14,16,15,16,14,17,16,17,18,16,18,19,18,20,19,20,18,21,22,20,21,20,22,23],"type":"triangles","base":0,"count":66}],"meshInstances":[{"node":1,"mesh":0}]}}